,AreaID,reference
0,18,/Game/Streams/Nodes18.Nodes18:PersistentLevel.Nodes19_4.NODE_AddChildActorComponent-0
1,18,/Game/Streams/Nodes18.Nodes18:PersistentLevel.Nodes19_4.NODE_AddChildActorComponent-0_0
2,18,/Game/Streams/Nodes18.Nodes18:PersistentLevel.Nodes19_4.NODE_AddChildActorComponent-0_1
3,18,/Game/Streams/Nodes18.Nodes18:PersistentLevel.Nodes19_4.NODE_AddChildActorComponent-0_2
4,18,/Game/Streams/Nodes18.Nodes18:PersistentLevel.Nodes19_4.NODE_AddChildActorComponent-0_3
5,18,/Game/Streams/Nodes18.Nodes18:PersistentLevel.Nodes19_4.NODE_AddChildActorComponent-0_4
6,18,/Game/Streams/Nodes18.Nodes18:PersistentLevel.Nodes19_4.NODE_AddChildActorComponent-0_5
7,18,/Game/Streams/Nodes18.Nodes18:PersistentLevel.Nodes19_4.NODE_AddChildActorComponent-0_6
8,18,/Game/Streams/Nodes18.Nodes18:PersistentLevel.Nodes19_4.NODE_AddChildActorComponent-0_7
9,18,/Game/Streams/Nodes18.Nodes18:PersistentLevel.Nodes19_4.NODE_AddChildActorComponent-0_8
10,18,/Game/Streams/Nodes18.Nodes18:PersistentLevel.Nodes19_4.NODE_AddChildActorComponent-0_9
11,18,/Game/Streams/Nodes18.Nodes18:PersistentLevel.Nodes19_4.NODE_AddChildActorComponent-0_10
12,18,/Game/Streams/Nodes18.Nodes18:PersistentLevel.Nodes19_4.NODE_AddChildActorComponent-0_11
13,18,/Game/Streams/Nodes18.Nodes18:PersistentLevel.Nodes19_4.NODE_AddChildActorComponent-0_12
14,18,/Game/Streams/Nodes18.Nodes18:PersistentLevel.Nodes19_4.NODE_AddChildActorComponent-0_13
15,18,/Game/Streams/Nodes18.Nodes18:PersistentLevel.Nodes19_4.NODE_AddChildActorComponent-0_14
16,18,/Game/Streams/Nodes18.Nodes18:PersistentLevel.Nodes19_4.NODE_AddChildActorComponent-0_15
17,18,/Game/Streams/Nodes18.Nodes18:PersistentLevel.Nodes19_4.NODE_AddChildActorComponent-0_16
18,18,/Game/Streams/Nodes18.Nodes18:PersistentLevel.Nodes19_4.NODE_AddChildActorComponent-0_17
19,18,/Game/Streams/Nodes18.Nodes18:PersistentLevel.Nodes19_4.NODE_AddChildActorComponent-0_18
20,18,/Game/Streams/Nodes18.Nodes18:PersistentLevel.Nodes19_4.NODE_AddChildActorComponent-0_19
21,18,/Game/Streams/Nodes18.Nodes18:PersistentLevel.Nodes19_4.NODE_AddChildActorComponent-0_20
22,18,/Game/Streams/Nodes18.Nodes18:PersistentLevel.Nodes19_4.NODE_AddChildActorComponent-0_21
23,18,/Game/Streams/Nodes18.Nodes18:PersistentLevel.Nodes19_4.NODE_AddChildActorComponent-0_22
24,18,/Game/Streams/Nodes18.Nodes18:PersistentLevel.Nodes19_4.NODE_AddChildActorComponent-0_23
25,18,/Game/Streams/Nodes18.Nodes18:PersistentLevel.Nodes19_4.NODE_AddChildActorComponent-0_24
26,18,/Game/Streams/Nodes18.Nodes18:PersistentLevel.Nodes19_4.NODE_AddChildActorComponent-0_25
27,18,/Game/Streams/Nodes18.Nodes18:PersistentLevel.Nodes19_4.NODE_AddChildActorComponent-0_26
28,18,/Game/Streams/Nodes18.Nodes18:PersistentLevel.Nodes19_4.NODE_AddChildActorComponent-0_27
29,18,/Game/Streams/Nodes18.Nodes18:PersistentLevel.Nodes19_4.NODE_AddChildActorComponent-0_28
30,18,/Game/Streams/Nodes18.Nodes18:PersistentLevel.Nodes19_4.NODE_AddChildActorComponent-0_29
31,18,/Game/Streams/Nodes18.Nodes18:PersistentLevel.Nodes19_4.NODE_AddChildActorComponent-0_30
32,18,/Game/Streams/Nodes18.Nodes18:PersistentLevel.Nodes19_4.NODE_AddChildActorComponent-0_31
33,18,/Game/Streams/Nodes18.Nodes18:PersistentLevel.Nodes19_4.NODE_AddChildActorComponent-0_32
34,18,/Game/Streams/Nodes18.Nodes18:PersistentLevel.Nodes19_4.NODE_AddChildActorComponent-0_33
35,18,/Game/Streams/Nodes18.Nodes18:PersistentLevel.Nodes19_4.NODE_AddChildActorComponent-0_34
36,18,/Game/Streams/Nodes18.Nodes18:PersistentLevel.Nodes19_4.NODE_AddChildActorComponent-0_35
37,18,/Game/Streams/Nodes18.Nodes18:PersistentLevel.Nodes19_4.NODE_AddChildActorComponent-0_36
38,18,/Game/Streams/Nodes18.Nodes18:PersistentLevel.Nodes19_4.NODE_AddChildActorComponent-0_37
39,18,/Game/Streams/Nodes18.Nodes18:PersistentLevel.Nodes19_4.NODE_AddChildActorComponent-0_38
40,18,/Game/Streams/Nodes18.Nodes18:PersistentLevel.Nodes19_4.NODE_AddChildActorComponent-0_39
41,18,/Game/Streams/Nodes18.Nodes18:PersistentLevel.Nodes19_4.NODE_AddChildActorComponent-0_40
42,18,/Game/Streams/Nodes18.Nodes18:PersistentLevel.Nodes19_4.NODE_AddChildActorComponent-0_41
43,18,/Game/Streams/Nodes18.Nodes18:PersistentLevel.Nodes19_4.NODE_AddChildActorComponent-0_42
44,18,/Game/Streams/Nodes18.Nodes18:PersistentLevel.Nodes19_4.NODE_AddChildActorComponent-0_43
45,18,/Game/Streams/Nodes18.Nodes18:PersistentLevel.Nodes19_4.NODE_AddChildActorComponent-0_44
46,18,/Game/Streams/Nodes18.Nodes18:PersistentLevel.Nodes19_4.NODE_AddChildActorComponent-0_45
47,18,/Game/Streams/Nodes18.Nodes18:PersistentLevel.Nodes19_4.NODE_AddChildActorComponent-0_46
48,18,/Game/Streams/Nodes18.Nodes18:PersistentLevel.Nodes19_4.NODE_AddChildActorComponent-0_47
49,18,/Game/Streams/Nodes18.Nodes18:PersistentLevel.Nodes19_4.NODE_AddChildActorComponent-0_48
50,18,/Game/Streams/Nodes18.Nodes18:PersistentLevel.Nodes19_4.NODE_AddChildActorComponent-0_49
51,18,/Game/Streams/Nodes18.Nodes18:PersistentLevel.Nodes19_4.NODE_AddChildActorComponent-0_50
52,18,/Game/Streams/Nodes18.Nodes18:PersistentLevel.Nodes19_4.NODE_AddChildActorComponent-0_51
53,18,/Game/Streams/Nodes18.Nodes18:PersistentLevel.Nodes19_4.NODE_AddChildActorComponent-0_52
54,18,/Game/Streams/Nodes18.Nodes18:PersistentLevel.Nodes19_4.NODE_AddChildActorComponent-0_53
55,18,/Game/Streams/Nodes18.Nodes18:PersistentLevel.Nodes19_4.NODE_AddChildActorComponent-0_54
56,18,/Game/Streams/Nodes18.Nodes18:PersistentLevel.Nodes19_4.NODE_AddChildActorComponent-0_55
57,18,/Game/Streams/Nodes18.Nodes18:PersistentLevel.Nodes19_4.NODE_AddChildActorComponent-0_56
58,18,/Game/Streams/Nodes18.Nodes18:PersistentLevel.Nodes19_4.NODE_AddChildActorComponent-0_57
59,18,/Game/Streams/Nodes18.Nodes18:PersistentLevel.Nodes19_4.NODE_AddChildActorComponent-0_58
60,18,/Game/Streams/Nodes18.Nodes18:PersistentLevel.Nodes19_4.NODE_AddChildActorComponent-0_59
61,18,/Game/Streams/Nodes18.Nodes18:PersistentLevel.Nodes19_4.NODE_AddChildActorComponent-0_60
62,18,/Game/Streams/Nodes18.Nodes18:PersistentLevel.Nodes19_4.NODE_AddChildActorComponent-0_61
63,18,/Game/Streams/Nodes18.Nodes18:PersistentLevel.Nodes19_4.NODE_AddChildActorComponent-0_62
64,18,/Game/Streams/Nodes18.Nodes18:PersistentLevel.Nodes19_4.NODE_AddChildActorComponent-0_63
65,18,/Game/Streams/Nodes18.Nodes18:PersistentLevel.Nodes19_4.NODE_AddChildActorComponent-0_64
66,18,/Game/Streams/Nodes18.Nodes18:PersistentLevel.Nodes19_4.NODE_AddChildActorComponent-0_65
67,18,/Game/Streams/Nodes18.Nodes18:PersistentLevel.Nodes19_4.NODE_AddChildActorComponent-0_66
68,18,/Game/Streams/Nodes18.Nodes18:PersistentLevel.Nodes19_4.NODE_AddChildActorComponent-0_67
69,18,/Game/Streams/Nodes18.Nodes18:PersistentLevel.Nodes19_4.NODE_AddChildActorComponent-0_68
70,18,/Game/Streams/Nodes18.Nodes18:PersistentLevel.Nodes19_4.NODE_AddChildActorComponent-0_69
71,18,/Game/Streams/Nodes18.Nodes18:PersistentLevel.Nodes19_4.NODE_AddChildActorComponent-0_70
72,18,/Game/Streams/Nodes18.Nodes18:PersistentLevel.Nodes19_4.NODE_AddChildActorComponent-0_71
73,18,/Game/Streams/Nodes18.Nodes18:PersistentLevel.Nodes19_4.NODE_AddChildActorComponent-0_72
74,18,/Game/Streams/Nodes18.Nodes18:PersistentLevel.Nodes19_4.NODE_AddChildActorComponent-0_73
75,18,/Game/Streams/Nodes18.Nodes18:PersistentLevel.Nodes19_4.NODE_AddChildActorComponent-0_74
76,18,/Game/Streams/Nodes18.Nodes18:PersistentLevel.Nodes19_4.NODE_AddChildActorComponent-0_75
77,18,/Game/Streams/Nodes18.Nodes18:PersistentLevel.Nodes19_4.NODE_AddChildActorComponent-0_76
78,18,/Game/Streams/Nodes18.Nodes18:PersistentLevel.Nodes19_4.NODE_AddChildActorComponent-0_77
79,18,/Game/Streams/Nodes18.Nodes18:PersistentLevel.Nodes19_4.NODE_AddChildActorComponent-0_78
80,18,/Game/Streams/Nodes18.Nodes18:PersistentLevel.Nodes19_4.NODE_AddChildActorComponent-0_79
81,18,/Game/Streams/Nodes18.Nodes18:PersistentLevel.Nodes19_4.NODE_AddChildActorComponent-0_80
82,18,/Game/Streams/Nodes18.Nodes18:PersistentLevel.Nodes19_4.NODE_AddChildActorComponent-0_81
83,18,/Game/Streams/Nodes18.Nodes18:PersistentLevel.Nodes19_4.NODE_AddChildActorComponent-0_82
84,18,/Game/Streams/Nodes18.Nodes18:PersistentLevel.Nodes19_4.NODE_AddChildActorComponent-0_83
85,18,/Game/Streams/Nodes18.Nodes18:PersistentLevel.Nodes19_4.NODE_AddChildActorComponent-0_84
86,18,/Game/Streams/Nodes18.Nodes18:PersistentLevel.Nodes19_4.NODE_AddChildActorComponent-0_85
87,18,/Game/Streams/Nodes18.Nodes18:PersistentLevel.Nodes19_4.NODE_AddChildActorComponent-0_86
88,18,/Game/Streams/Nodes18.Nodes18:PersistentLevel.Nodes19_4.NODE_AddChildActorComponent-0_87
89,18,/Game/Streams/Nodes18.Nodes18:PersistentLevel.Nodes19_4.NODE_AddChildActorComponent-0_88
90,18,/Game/Streams/Nodes18.Nodes18:PersistentLevel.Nodes19_4.NODE_AddChildActorComponent-0_89
91,18,/Game/Streams/Nodes18.Nodes18:PersistentLevel.Nodes19_4.NODE_AddChildActorComponent-0_90
92,18,/Game/Streams/Nodes18.Nodes18:PersistentLevel.Nodes19_4.NODE_AddChildActorComponent-0_91
93,18,/Game/Streams/Nodes18.Nodes18:PersistentLevel.Nodes19_4.NODE_AddChildActorComponent-0_92
94,18,/Game/Streams/Nodes18.Nodes18:PersistentLevel.Nodes19_4.NODE_AddChildActorComponent-0_93
95,18,/Game/Streams/Nodes18.Nodes18:PersistentLevel.Nodes19_4.NODE_AddChildActorComponent-0_94
96,18,/Game/Streams/Nodes18.Nodes18:PersistentLevel.Nodes19_4.NODE_AddChildActorComponent-0_95
97,18,/Game/Streams/Nodes18.Nodes18:PersistentLevel.Nodes19_4.NODE_AddChildActorComponent-0_96
98,18,/Game/Streams/Nodes18.Nodes18:PersistentLevel.Nodes19_4.NODE_AddChildActorComponent-0_97
99,18,/Game/Streams/Nodes18.Nodes18:PersistentLevel.Nodes19_4.NODE_AddChildActorComponent-0_98
100,18,/Game/Streams/Nodes18.Nodes18:PersistentLevel.Nodes19_4.NODE_AddChildActorComponent-0_99
101,18,/Game/Streams/Nodes18.Nodes18:PersistentLevel.Nodes19_4.NODE_AddChildActorComponent-0_100
102,18,/Game/Streams/Nodes18.Nodes18:PersistentLevel.Nodes19_4.NODE_AddChildActorComponent-0_101
103,18,/Game/Streams/Nodes18.Nodes18:PersistentLevel.Nodes19_4.NODE_AddChildActorComponent-0_102
104,18,/Game/Streams/Nodes18.Nodes18:PersistentLevel.Nodes19_4.NODE_AddChildActorComponent-0_103
105,18,/Game/Streams/Nodes18.Nodes18:PersistentLevel.Nodes19_4.NODE_AddChildActorComponent-0_104
106,18,/Game/Streams/Nodes18.Nodes18:PersistentLevel.Nodes19_4.NODE_AddChildActorComponent-0_105
107,18,/Game/Streams/Nodes18.Nodes18:PersistentLevel.Nodes19_4.NODE_AddChildActorComponent-0_106
108,18,/Game/Streams/Nodes18.Nodes18:PersistentLevel.Nodes19_4.NODE_AddChildActorComponent-0_107
109,18,/Game/Streams/Nodes18.Nodes18:PersistentLevel.Nodes19_4.NODE_AddChildActorComponent-0_108
110,18,/Game/Streams/Nodes18.Nodes18:PersistentLevel.Nodes19_4.NODE_AddChildActorComponent-0_109
111,18,/Game/Streams/Nodes18.Nodes18:PersistentLevel.Nodes19_4.NODE_AddChildActorComponent-0_110
112,18,/Game/Streams/Nodes18.Nodes18:PersistentLevel.Nodes19_4.NODE_AddChildActorComponent-0_111
113,18,/Game/Streams/Nodes18.Nodes18:PersistentLevel.Nodes19_4.NODE_AddChildActorComponent-0_112
114,18,/Game/Streams/Nodes18.Nodes18:PersistentLevel.Nodes19_4.NODE_AddChildActorComponent-0_113
115,18,/Game/Streams/Nodes18.Nodes18:PersistentLevel.Nodes19_4.NODE_AddChildActorComponent-0_114
116,18,/Game/Streams/Nodes18.Nodes18:PersistentLevel.Nodes19_4.NODE_AddChildActorComponent-0_115
117,18,/Game/Streams/Nodes18.Nodes18:PersistentLevel.Nodes19_4.NODE_AddChildActorComponent-0_116
118,18,/Game/Streams/Nodes18.Nodes18:PersistentLevel.Nodes19_4.NODE_AddChildActorComponent-0_117
119,18,/Game/Streams/Nodes18.Nodes18:PersistentLevel.Nodes19_4.NODE_AddChildActorComponent-0_118
120,18,/Game/Streams/Nodes18.Nodes18:PersistentLevel.Nodes19_4.NODE_AddChildActorComponent-0_119
121,18,/Game/Streams/Nodes18.Nodes18:PersistentLevel.Nodes19_4.NODE_AddChildActorComponent-0_120
122,18,/Game/Streams/Nodes18.Nodes18:PersistentLevel.Nodes19_4.NODE_AddChildActorComponent-0_121
123,18,/Game/Streams/Nodes18.Nodes18:PersistentLevel.Nodes19_4.NODE_AddChildActorComponent-0_122
124,18,/Game/Streams/Nodes18.Nodes18:PersistentLevel.Nodes19_4.NODE_AddChildActorComponent-0_123
125,18,/Game/Streams/Nodes18.Nodes18:PersistentLevel.Nodes19_4.NODE_AddChildActorComponent-0_124
126,18,/Game/Streams/Nodes18.Nodes18:PersistentLevel.Nodes19_4.NODE_AddChildActorComponent-0_125
127,18,/Game/Streams/Nodes18.Nodes18:PersistentLevel.Nodes19_4.NODE_AddChildActorComponent-0_126
128,18,/Game/Streams/Nodes18.Nodes18:PersistentLevel.Nodes19_4.NODE_AddChildActorComponent-0_127
129,18,/Game/Streams/Nodes18.Nodes18:PersistentLevel.Nodes19_4.NODE_AddChildActorComponent-0_128
130,18,/Game/Streams/Nodes18.Nodes18:PersistentLevel.Nodes19_4.NODE_AddChildActorComponent-0_129
131,18,/Game/Streams/Nodes18.Nodes18:PersistentLevel.Nodes19_4.NODE_AddChildActorComponent-0_130
132,18,/Game/Streams/Nodes18.Nodes18:PersistentLevel.Nodes19_4.NODE_AddChildActorComponent-0_131
133,18,/Game/Streams/Nodes18.Nodes18:PersistentLevel.Nodes19_4.NODE_AddChildActorComponent-0_132
134,18,/Game/Streams/Nodes18.Nodes18:PersistentLevel.Nodes19_4.NODE_AddChildActorComponent-0_133
135,18,/Game/Streams/Nodes18.Nodes18:PersistentLevel.Nodes19_4.NODE_AddChildActorComponent-0_134
136,18,/Game/Streams/Nodes18.Nodes18:PersistentLevel.Nodes19_4.NODE_AddChildActorComponent-0_135
137,18,/Game/Streams/Nodes18.Nodes18:PersistentLevel.Nodes19_4.NODE_AddChildActorComponent-0_136
138,18,/Game/Streams/Nodes18.Nodes18:PersistentLevel.Nodes19_4.NODE_AddChildActorComponent-0_137
139,18,/Game/Streams/Nodes18.Nodes18:PersistentLevel.Nodes19_4.NODE_AddChildActorComponent-0_138
140,18,/Game/Streams/Nodes18.Nodes18:PersistentLevel.Nodes19_4.NODE_AddChildActorComponent-0_139
141,18,/Game/Streams/Nodes18.Nodes18:PersistentLevel.Nodes19_4.NODE_AddChildActorComponent-0_140
142,18,/Game/Streams/Nodes18.Nodes18:PersistentLevel.Nodes19_4.NODE_AddChildActorComponent-0_141
143,18,/Game/Streams/Nodes18.Nodes18:PersistentLevel.Nodes19_4.NODE_AddChildActorComponent-0_142
144,18,/Game/Streams/Nodes18.Nodes18:PersistentLevel.Nodes19_4.NODE_AddChildActorComponent-0_143
145,18,/Game/Streams/Nodes18.Nodes18:PersistentLevel.Nodes19_4.NODE_AddChildActorComponent-0_144
146,18,/Game/Streams/Nodes18.Nodes18:PersistentLevel.Nodes19_4.NODE_AddChildActorComponent-0_145
147,18,/Game/Streams/Nodes18.Nodes18:PersistentLevel.Nodes19_4.NODE_AddChildActorComponent-0_146
148,18,/Game/Streams/Nodes18.Nodes18:PersistentLevel.Nodes19_4.NODE_AddChildActorComponent-0_147
149,18,/Game/Streams/Nodes18.Nodes18:PersistentLevel.Nodes19_4.NODE_AddChildActorComponent-0_148
150,18,/Game/Streams/Nodes18.Nodes18:PersistentLevel.Nodes19_4.NODE_AddChildActorComponent-0_149
151,18,/Game/Streams/Nodes18.Nodes18:PersistentLevel.Nodes19_4.NODE_AddChildActorComponent-0_150
152,18,/Game/Streams/Nodes18.Nodes18:PersistentLevel.Nodes19_4.NODE_AddChildActorComponent-0_151
153,18,/Game/Streams/Nodes18.Nodes18:PersistentLevel.Nodes19_4.NODE_AddChildActorComponent-0_152
154,18,/Game/Streams/Nodes18.Nodes18:PersistentLevel.Nodes19_4.NODE_AddChildActorComponent-0_153
155,18,/Game/Streams/Nodes18.Nodes18:PersistentLevel.Nodes19_4.NODE_AddChildActorComponent-0_154
156,18,/Game/Streams/Nodes18.Nodes18:PersistentLevel.Nodes19_4.NODE_AddChildActorComponent-0_155
157,18,/Game/Streams/Nodes18.Nodes18:PersistentLevel.Nodes19_4.NODE_AddChildActorComponent-0_156
158,18,/Game/Streams/Nodes18.Nodes18:PersistentLevel.Nodes19_4.NODE_AddChildActorComponent-0_157
159,18,/Game/Streams/Nodes18.Nodes18:PersistentLevel.Nodes19_4.NODE_AddChildActorComponent-0_158
160,18,/Game/Streams/Nodes18.Nodes18:PersistentLevel.Nodes19_4.NODE_AddChildActorComponent-0_159
161,18,/Game/Streams/Nodes18.Nodes18:PersistentLevel.Nodes19_4.NODE_AddChildActorComponent-0_160
162,18,/Game/Streams/Nodes18.Nodes18:PersistentLevel.Nodes19_4.NODE_AddChildActorComponent-0_161
163,18,/Game/Streams/Nodes18.Nodes18:PersistentLevel.Nodes19_4.NODE_AddChildActorComponent-0_162
164,18,/Game/Streams/Nodes18.Nodes18:PersistentLevel.Nodes19_4.NODE_AddChildActorComponent-0_163
165,18,/Game/Streams/Nodes18.Nodes18:PersistentLevel.Nodes19_4.NODE_AddChildActorComponent-0_164
166,18,/Game/Streams/Nodes18.Nodes18:PersistentLevel.Nodes19_4.NODE_AddChildActorComponent-0_165
167,18,/Game/Streams/Nodes18.Nodes18:PersistentLevel.Nodes19_4.NODE_AddChildActorComponent-0_166
168,18,/Game/Streams/Nodes18.Nodes18:PersistentLevel.Nodes19_4.NODE_AddChildActorComponent-0_167
169,18,/Game/Streams/Nodes18.Nodes18:PersistentLevel.Nodes19_4.NODE_AddChildActorComponent-0_168
170,18,/Game/Streams/Nodes18.Nodes18:PersistentLevel.Nodes19_4.NODE_AddChildActorComponent-0_169
171,18,/Game/Streams/Nodes18.Nodes18:PersistentLevel.Nodes19_4.NODE_AddChildActorComponent-0_170
172,18,/Game/Streams/Nodes18.Nodes18:PersistentLevel.Nodes19_4.NODE_AddChildActorComponent-0_171
173,18,/Game/Streams/Nodes18.Nodes18:PersistentLevel.Nodes19_4.NODE_AddChildActorComponent-0_172
174,18,/Game/Streams/Nodes18.Nodes18:PersistentLevel.Nodes19_4.NODE_AddChildActorComponent-0_173
175,18,/Game/Streams/Nodes18.Nodes18:PersistentLevel.Nodes19_4.NODE_AddChildActorComponent-0_174
176,18,/Game/Streams/Nodes18.Nodes18:PersistentLevel.Nodes19_4.NODE_AddChildActorComponent-0_175
177,18,/Game/Streams/Nodes18.Nodes18:PersistentLevel.Nodes19_4.NODE_AddChildActorComponent-0_176
178,18,/Game/Streams/Nodes18.Nodes18:PersistentLevel.Nodes19_4.NODE_AddChildActorComponent-0_177
179,18,/Game/Streams/Nodes18.Nodes18:PersistentLevel.Nodes19_4.NODE_AddChildActorComponent-0_178
180,18,/Game/Streams/Nodes18.Nodes18:PersistentLevel.Nodes19_4.NODE_AddChildActorComponent-0_179
181,18,/Game/Streams/Nodes18.Nodes18:PersistentLevel.Nodes19_4.NODE_AddChildActorComponent-0_180
182,18,/Game/Streams/Nodes18.Nodes18:PersistentLevel.Nodes19_4.NODE_AddChildActorComponent-0_181
183,18,/Game/Streams/Nodes18.Nodes18:PersistentLevel.Nodes19_4.NODE_AddChildActorComponent-0_182
184,18,/Game/Streams/Nodes18.Nodes18:PersistentLevel.Nodes19_4.NODE_AddChildActorComponent-0_183
185,18,/Game/Streams/Nodes18.Nodes18:PersistentLevel.Nodes19_4.NODE_AddChildActorComponent-0_184
186,18,/Game/Streams/Nodes18.Nodes18:PersistentLevel.Nodes19_4.NODE_AddChildActorComponent-0_185
187,18,/Game/Streams/Nodes18.Nodes18:PersistentLevel.Nodes19_4.NODE_AddChildActorComponent-0_186
188,18,/Game/Streams/Nodes18.Nodes18:PersistentLevel.Nodes19_4.NODE_AddChildActorComponent-0_187
189,18,/Game/Streams/Nodes18.Nodes18:PersistentLevel.Nodes19_4.NODE_AddChildActorComponent-0_188
190,18,/Game/Streams/Nodes18.Nodes18:PersistentLevel.Nodes19_4.NODE_AddChildActorComponent-0_189
191,18,/Game/Streams/Nodes18.Nodes18:PersistentLevel.Nodes19_4.NODE_AddChildActorComponent-0_190
192,18,/Game/Streams/Nodes18.Nodes18:PersistentLevel.Nodes19_4.NODE_AddChildActorComponent-0_191
193,18,/Game/Streams/Nodes18.Nodes18:PersistentLevel.Nodes19_4.NODE_AddChildActorComponent-0_192
194,18,/Game/Streams/Nodes18.Nodes18:PersistentLevel.Nodes19_4.NODE_AddChildActorComponent-0_193
195,18,/Game/Streams/Nodes18.Nodes18:PersistentLevel.Nodes19_4.NODE_AddChildActorComponent-0_194
196,18,/Game/Streams/Nodes18.Nodes18:PersistentLevel.Nodes19_4.NODE_AddChildActorComponent-0_195
197,18,/Game/Streams/Nodes18.Nodes18:PersistentLevel.Nodes19_4.NODE_AddChildActorComponent-0_196
198,18,/Game/Streams/Nodes18.Nodes18:PersistentLevel.Nodes19_4.NODE_AddChildActorComponent-0_197
199,18,/Game/Streams/Nodes18.Nodes18:PersistentLevel.Nodes19_4.NODE_AddChildActorComponent-0_198
200,18,/Game/Streams/Nodes18.Nodes18:PersistentLevel.Nodes19_4.NODE_AddChildActorComponent-0_199
201,18,/Game/Streams/Nodes18.Nodes18:PersistentLevel.Nodes19_4.NODE_AddChildActorComponent-0_200
202,18,/Game/Streams/Nodes18.Nodes18:PersistentLevel.Nodes19_4.NODE_AddChildActorComponent-0_201
203,18,/Game/Streams/Nodes18.Nodes18:PersistentLevel.Nodes19_4.NODE_AddChildActorComponent-0_202
204,18,/Game/Streams/Nodes18.Nodes18:PersistentLevel.Nodes19_4.NODE_AddChildActorComponent-0_203
205,18,/Game/Streams/Nodes18.Nodes18:PersistentLevel.Nodes19_4.NODE_AddChildActorComponent-0_204
206,18,/Game/Streams/Nodes18.Nodes18:PersistentLevel.Nodes19_4.NODE_AddChildActorComponent-0_205
207,18,/Game/Streams/Nodes18.Nodes18:PersistentLevel.Nodes19_4.NODE_AddChildActorComponent-0_206
208,18,/Game/Streams/Nodes18.Nodes18:PersistentLevel.Nodes19_4.NODE_AddChildActorComponent-0_207
209,18,/Game/Streams/Nodes18.Nodes18:PersistentLevel.Nodes19_4.NODE_AddChildActorComponent-0_208
210,18,/Game/Streams/Nodes18.Nodes18:PersistentLevel.Nodes19_4.NODE_AddChildActorComponent-0_209
211,18,/Game/Streams/Nodes18.Nodes18:PersistentLevel.Nodes19_4.NODE_AddChildActorComponent-0_210
212,18,/Game/Streams/Nodes18.Nodes18:PersistentLevel.Nodes19_4.NODE_AddChildActorComponent-0_211
213,18,/Game/Streams/Nodes18.Nodes18:PersistentLevel.Nodes19_4.NODE_AddChildActorComponent-0_212
214,18,/Game/Streams/Nodes18.Nodes18:PersistentLevel.Nodes19_4.NODE_AddChildActorComponent-0_213
215,18,/Game/Streams/Nodes18.Nodes18:PersistentLevel.Nodes19_4.NODE_AddChildActorComponent-0_214
216,18,/Game/Streams/Nodes18.Nodes18:PersistentLevel.Nodes19_4.NODE_AddChildActorComponent-0_215
217,18,/Game/Streams/Nodes18.Nodes18:PersistentLevel.Nodes19_4.NODE_AddChildActorComponent-0_216
218,18,/Game/Streams/Nodes18.Nodes18:PersistentLevel.Nodes19_4.NODE_AddChildActorComponent-0_217
219,18,/Game/Streams/Nodes18.Nodes18:PersistentLevel.Nodes19_4.NODE_AddChildActorComponent-0_218
220,18,/Game/Streams/Nodes18.Nodes18:PersistentLevel.Nodes19_4.NODE_AddChildActorComponent-0_219
221,18,/Game/Streams/Nodes18.Nodes18:PersistentLevel.Nodes19_4.NODE_AddChildActorComponent-0_220
222,18,/Game/Streams/Nodes18.Nodes18:PersistentLevel.Nodes19_4.NODE_AddChildActorComponent-0_221
223,18,/Game/Streams/Nodes18.Nodes18:PersistentLevel.Nodes19_4.NODE_AddChildActorComponent-0_222
224,18,/Game/Streams/Nodes18.Nodes18:PersistentLevel.Nodes19_4.NODE_AddChildActorComponent-0_223
225,18,/Game/Streams/Nodes18.Nodes18:PersistentLevel.Nodes19_4.NODE_AddChildActorComponent-0_224
226,18,/Game/Streams/Nodes18.Nodes18:PersistentLevel.Nodes19_4.NODE_AddChildActorComponent-0_225
227,18,/Game/Streams/Nodes18.Nodes18:PersistentLevel.Nodes19_4.NODE_AddChildActorComponent-0_226
228,18,/Game/Streams/Nodes18.Nodes18:PersistentLevel.Nodes19_4.NODE_AddChildActorComponent-0_227
229,18,/Game/Streams/Nodes18.Nodes18:PersistentLevel.Nodes19_4.NODE_AddChildActorComponent-0_228
230,18,/Game/Streams/Nodes18.Nodes18:PersistentLevel.Nodes19_4.NODE_AddChildActorComponent-0_229
231,18,/Game/Streams/Nodes18.Nodes18:PersistentLevel.Nodes19_4.NODE_AddChildActorComponent-0_230
232,18,/Game/Streams/Nodes18.Nodes18:PersistentLevel.Nodes19_4.NODE_AddChildActorComponent-0_231
233,18,/Game/Streams/Nodes18.Nodes18:PersistentLevel.Nodes19_4.NODE_AddChildActorComponent-0_232
234,18,/Game/Streams/Nodes18.Nodes18:PersistentLevel.Nodes19_4.NODE_AddChildActorComponent-0_233
235,18,/Game/Streams/Nodes18.Nodes18:PersistentLevel.Nodes19_4.NODE_AddChildActorComponent-0_234
236,18,/Game/Streams/Nodes18.Nodes18:PersistentLevel.Nodes19_4.NODE_AddChildActorComponent-0_235
237,18,/Game/Streams/Nodes18.Nodes18:PersistentLevel.Nodes19_4.NODE_AddChildActorComponent-0_236
238,18,/Game/Streams/Nodes18.Nodes18:PersistentLevel.Nodes19_4.NODE_AddChildActorComponent-0_237
239,18,/Game/Streams/Nodes18.Nodes18:PersistentLevel.Nodes19_4.NODE_AddChildActorComponent-0_238
240,18,/Game/Streams/Nodes18.Nodes18:PersistentLevel.Nodes19_4.NODE_AddChildActorComponent-0_239
241,18,/Game/Streams/Nodes18.Nodes18:PersistentLevel.Nodes19_4.NODE_AddChildActorComponent-1
242,18,/Game/Streams/Nodes18.Nodes18:PersistentLevel.Nodes19_4.NODE_AddChildActorComponent-1_0
243,18,/Game/Streams/Nodes18.Nodes18:PersistentLevel.Nodes19_4.NODE_AddChildActorComponent-1_1
244,18,/Game/Streams/Nodes18.Nodes18:PersistentLevel.Nodes19_4.NODE_AddChildActorComponent-1_2
245,18,/Game/Streams/Nodes18.Nodes18:PersistentLevel.Nodes19_4.NODE_AddChildActorComponent-1_3
246,18,/Game/Streams/Nodes18.Nodes18:PersistentLevel.Nodes19_4.NODE_AddChildActorComponent-1_4
247,18,/Game/Streams/Nodes18.Nodes18:PersistentLevel.Nodes19_4.NODE_AddChildActorComponent-1_5
248,18,/Game/Streams/Nodes18.Nodes18:PersistentLevel.Nodes19_4.NODE_AddChildActorComponent-1_6
249,18,/Game/Streams/Nodes18.Nodes18:PersistentLevel.Nodes19_4.NODE_AddChildActorComponent-1_7
250,18,/Game/Streams/Nodes18.Nodes18:PersistentLevel.Nodes19_4.NODE_AddChildActorComponent-1_8
251,18,/Game/Streams/Nodes18.Nodes18:PersistentLevel.Nodes19_4.NODE_AddChildActorComponent-1_9
252,18,/Game/Streams/Nodes18.Nodes18:PersistentLevel.Nodes19_4.NODE_AddChildActorComponent-1_10
253,18,/Game/Streams/Nodes18.Nodes18:PersistentLevel.Nodes19_4.NODE_AddChildActorComponent-1_11
254,18,/Game/Streams/Nodes18.Nodes18:PersistentLevel.Nodes19_4.NODE_AddChildActorComponent-1_12
255,18,/Game/Streams/Nodes18.Nodes18:PersistentLevel.Nodes19_4.NODE_AddChildActorComponent-1_13
256,18,/Game/Streams/Nodes18.Nodes18:PersistentLevel.Nodes19_4.NODE_AddChildActorComponent-1_14
257,18,/Game/Streams/Nodes18.Nodes18:PersistentLevel.Nodes19_4.NODE_AddChildActorComponent-1_15
258,18,/Game/Streams/Nodes18.Nodes18:PersistentLevel.Nodes19_4.NODE_AddChildActorComponent-1_16
259,18,/Game/Streams/Nodes18.Nodes18:PersistentLevel.Nodes19_4.NODE_AddChildActorComponent-1_17
260,18,/Game/Streams/Nodes18.Nodes18:PersistentLevel.Nodes19_4.NODE_AddChildActorComponent-1_18
261,18,/Game/Streams/Nodes18.Nodes18:PersistentLevel.Nodes19_4.NODE_AddChildActorComponent-1_19
262,18,/Game/Streams/Nodes18.Nodes18:PersistentLevel.Nodes19_4.NODE_AddChildActorComponent-1_20
263,18,/Game/Streams/Nodes18.Nodes18:PersistentLevel.Nodes19_4.NODE_AddChildActorComponent-1_21
264,18,/Game/Streams/Nodes18.Nodes18:PersistentLevel.Nodes19_4.NODE_AddChildActorComponent-1_22
265,18,/Game/Streams/Nodes18.Nodes18:PersistentLevel.Nodes19_4.NODE_AddChildActorComponent-1_23
266,18,/Game/Streams/Nodes18.Nodes18:PersistentLevel.Nodes19_4.NODE_AddChildActorComponent-1_24
267,18,/Game/Streams/Nodes18.Nodes18:PersistentLevel.Nodes19_4.NODE_AddChildActorComponent-1_25
268,18,/Game/Streams/Nodes18.Nodes18:PersistentLevel.Nodes19_4.NODE_AddChildActorComponent-1_26
269,18,/Game/Streams/Nodes18.Nodes18:PersistentLevel.Nodes19_4.NODE_AddChildActorComponent-1_27
270,18,/Game/Streams/Nodes18.Nodes18:PersistentLevel.Nodes19_4.NODE_AddChildActorComponent-1_28
271,18,/Game/Streams/Nodes18.Nodes18:PersistentLevel.Nodes19_4.NODE_AddChildActorComponent-1_29
272,18,/Game/Streams/Nodes18.Nodes18:PersistentLevel.Nodes19_4.NODE_AddChildActorComponent-1_30
273,18,/Game/Streams/Nodes18.Nodes18:PersistentLevel.Nodes19_4.NODE_AddChildActorComponent-1_31
274,18,/Game/Streams/Nodes18.Nodes18:PersistentLevel.Nodes19_4.NODE_AddChildActorComponent-1_32
275,18,/Game/Streams/Nodes18.Nodes18:PersistentLevel.Nodes19_4.NODE_AddChildActorComponent-1_33
276,18,/Game/Streams/Nodes18.Nodes18:PersistentLevel.Nodes19_4.NODE_AddChildActorComponent-1_34
277,18,/Game/Streams/Nodes18.Nodes18:PersistentLevel.Nodes19_4.NODE_AddChildActorComponent-1_35
278,18,/Game/Streams/Nodes18.Nodes18:PersistentLevel.Nodes19_4.NODE_AddChildActorComponent-1_36
279,18,/Game/Streams/Nodes18.Nodes18:PersistentLevel.Nodes19_4.NODE_AddChildActorComponent-1_37
280,18,/Game/Streams/Nodes18.Nodes18:PersistentLevel.Nodes19_4.NODE_AddChildActorComponent-1_38
281,18,/Game/Streams/Nodes18.Nodes18:PersistentLevel.Nodes19_4.NODE_AddChildActorComponent-1_39
282,18,/Game/Streams/Nodes18.Nodes18:PersistentLevel.Nodes19_4.NODE_AddChildActorComponent-1_40
283,18,/Game/Streams/Nodes18.Nodes18:PersistentLevel.Nodes19_4.NODE_AddChildActorComponent-1_41
284,18,/Game/Streams/Nodes18.Nodes18:PersistentLevel.Nodes19_4.NODE_AddChildActorComponent-1_42
285,18,/Game/Streams/Nodes18.Nodes18:PersistentLevel.Nodes19_4.NODE_AddChildActorComponent-1_43
